Complete County Name,State Abbreviation,RUCC_2023,RADI,RADI_tiers_percentile,RADI_tiers_quantile
Abbeville County,SC,6.0,41.82919839009804,Tier 3,Tier 4
Accomack County,VA,9.0,40.97438825369784,Tier 3,Tier 3
Adair County,KY,7.0,41.760646185284614,Tier 3,Tier 4
Adair County,MO,7.0,45.59331056279054,Tier 3,Tier 4
Adair County,OK,8.0,72.22446114804448,Tier 5,Tier 6
Adams County,ID,9.0,36.90208017894785,Tier 3,Tier 3
Adams County,IL,5.0,21.0412885827004,Tier 2,Tier 1
Adams County,MS,7.0,68.78500509578315,Tier 5,Tier 6
Adams County,NE,4.0,18.19878086982265,Tier 2,Tier 1
Adams County,OH,8.0,51.780218150191594,Tier 4,Tier 5
Adams County,WA,6.0,43.00516664361259,Tier 3,Tier 4
Adams County,WI,8.0,43.70269318587844,Tier 3,Tier 4
Addison County,VT,6.0,10.645386831729775,Tier 1,Tier 1
Alamosa County,CO,7.0,34.80457110219456,Tier 3,Tier 3
Albany County,WY,4.0,34.503682853368474,Tier 3,Tier 3
Alcona County,MI,9.0,50.54683805790765,Tier 4,Tier 5
Alcorn County,MS,7.0,54.4145501128873,Tier 4,Tier 5
Alfalfa County,OK,8.0,27.759331026768884,Tier 2,Tier 2
Allegan County,MI,4.0,13.688959550927049,Tier 1,Tier 1
Allegany County,MD,4.0,38.68565414218223,Tier 3,Tier 3
Allegany County,NY,7.0,35.57968918018989,Tier 3,Tier 3
Alleghany County,NC,9.0,48.77423679459063,Tier 3,Tier 4
Alleghany County,VA,6.0,34.14326028463941,Tier 3,Tier 3
Allen County,KS,7.0,31.66185063239028,Tier 2,Tier 2
Allen Parish,LA,6.0,51.81934689742418,Tier 4,Tier 5
Allendale County,SC,8.0,86.24003861345489,Tier 6,Tier 6
Alpena County,MI,7.0,39.518104376350315,Tier 3,Tier 3
Amador County,CA,6.0,19.623532750884685,Tier 2,Tier 1
Amite County,MS,8.0,78.16217235173966,Tier 5,Tier 6
Anderson County,KS,8.0,37.43239986564494,Tier 3,Tier 3
Anderson County,KY,6.0,21.864392192879958,Tier 2,Tier 1
Anderson County,TX,7.0,42.568045282166295,Tier 3,Tier 4
Angelina County,TX,5.0,40.884486191216325,Tier 3,Tier 3
Antrim County,MI,8.0,30.389007509061667,Tier 2,Tier 2
Apache County,AZ,8.0,96.79236531788209,Tier 6,Tier 6
Appanoose County,IA,7.0,44.42634216338256,Tier 3,Tier 4
Appling County,GA,7.0,56.4702296305964,Tier 4,Tier 5
Archuleta County,CO,7.0,20.28520515281997,Tier 2,Tier 1
Arenac County,MI,8.0,43.49236532161107,Tier 3,Tier 4
Arkansas County,AR,6.0,43.64754243413363,Tier 3,Tier 4
Aroostook County,ME,7.0,39.40713521080004,Tier 3,Tier 3
Ashe County,NC,9.0,39.34044483051636,Tier 3,Tier 3
Ashland County,OH,6.0,29.55574626045247,Tier 2,Tier 2
Ashland County,WI,7.0,35.29135759452424,Tier 3,Tier 3
Ashley County,AR,7.0,63.05884287652346,Tier 4,Tier 6
Atchison County,KS,6.0,31.206320989843693,Tier 2,Tier 2
Athens County,OH,4.0,45.68764214986621,Tier 3,Tier 4
Atkinson County,GA,9.0,60.815896417935825,Tier 4,Tier 6
Atoka County,OK,9.0,58.08381637683101,Tier 4,Tier 5
Audrain County,MO,6.0,37.46731405517808,Tier 3,Tier 3
Aurora County,SD,9.0,19.170413906998665,Tier 2,Tier 1
Avery County,NC,9.0,34.35986218298591,Tier 3,Tier 3
Avoyelles Parish,LA,6.0,65.26463533592808,Tier 4,Tier 6
Baca County,CO,9.0,45.02304191074199,Tier 3,Tier 4
Bacon County,GA,9.0,51.797563576597646,Tier 4,Tier 5
Baker County,GA,8.0,71.78108055864307,Tier 5,Tier 6
Baldwin County,GA,4.0,47.25415962896484,Tier 3,Tier 4
Bamberg County,SC,9.0,71.06252102106096,Tier 5,Tier 6
Banks County,GA,8.0,32.606372798337716,Tier 2,Tier 2
Barbour County,AL,6.0,64.27969943976808,Tier 4,Tier 6
Barbour County,WV,9.0,48.74141730435386,Tier 3,Tier 4
Barnes County,ND,6.0,14.753130735252206,Tier 1,Tier 1
Barnwell County,SC,8.0,72.24155150124251,Tier 5,Tier 6
Barren County,KY,6.0,44.662096512665315,Tier 3,Tier 4
Barron County,WI,6.0,22.633098392506835,Tier 2,Tier 1
Barry County,MO,6.0,38.90957501488599,Tier 3,Tier 3
Barton County,KS,7.0,28.153522147100073,Tier 2,Tier 2
Barton County,MO,8.0,51.85959741499177,Tier 4,Tier 5
Bath County,KY,8.0,51.86195751978544,Tier 4,Tier 5
Baxter County,AR,7.0,39.21391704733179,Tier 3,Tier 3
Bayfield County,WI,8.0,28.939784920954125,Tier 2,Tier 2
Beadle County,SD,7.0,29.989573224132926,Tier 2,Tier 2
Bear Lake County,ID,9.0,20.89251878141254,Tier 2,Tier 1
Beaufort County,NC,6.0,41.634073174839834,Tier 3,Tier 4
Beauregard Parish,LA,6.0,31.51491210792377,Tier 2,Tier 2
Beaverhead County,MT,9.0,24.46446607258404,Tier 2,Tier 1
Bedford County,PA,8.0,33.649886929244296,Tier 3,Tier 2
Bedford County,TN,4.0,30.974991910635296,Tier 2,Tier 2
Bee County,TX,6.0,52.11879467748326,Tier 4,Tier 5
Belknap County,NH,4.0,8.89178472941617,Tier 1,Tier 1
Bell County,KY,7.0,70.23745620630936,Tier 5,Tier 6
Ben Hill County,GA,7.0,66.3907985247214,Tier 4,Tier 6
Benewah County,ID,8.0,40.8353810260243,Tier 3,Tier 3
Bennett County,SD,9.0,70.25461550984483,Tier 5,Tier 6
Bennington County,VT,6.0,26.052960512890554,Tier 2,Tier 1
Bent County,CO,9.0,55.76593742539641,Tier 4,Tier 5
Benton County,MO,9.0,51.038643526090276,Tier 4,Tier 5
Berrien County,GA,8.0,47.83817455738591,Tier 3,Tier 4
Bertie County,NC,9.0,70.81551230142057,Tier 5,Tier 6
Bienville Parish,LA,8.0,80.52305991542248,Tier 5,Tier 6
Big Horn County,MT,8.0,56.54786290556181,Tier 4,Tier 5
Big Horn County,WY,9.0,32.643922197051936,Tier 2,Tier 2
Bingham County,ID,6.0,18.703211888211705,Tier 2,Tier 1
Blackford County,IN,6.0,47.16734034442356,Tier 3,Tier 4
Bladen County,NC,8.0,57.022807463699635,Tier 4,Tier 5
Blaine County,ID,7.0,8.767095917045886,Tier 1,Tier 1
Blaine County,MT,9.0,49.1500267244316,Tier 3,Tier 4
Blaine County,OK,8.0,34.4996995999641,Tier 3,Tier 3
Bland County,VA,8.0,39.59712066160018,Tier 3,Tier 3
Bleckley County,GA,6.0,51.341156417412705,Tier 4,Tier 5
Bledsoe County,TN,8.0,63.61386573741448,Tier 4,Tier 6
Bolivar County,MS,7.0,74.12614184617723,Tier 5,Tier 6
Bonner County,ID,6.0,27.99762496415399,Tier 2,Tier 2
Boone County,AR,7.0,31.491252762291477,Tier 2,Tier 2
Boundary County,ID,9.0,34.355564641086,Tier 3,Tier 3
Bourbon County,KS,6.0,26.479821946700287,Tier 2,Tier 2
Box Elder County,UT,4.0,11.653741949240715,Tier 1,Tier 1
Boyle County,KY,7.0,32.13486598350615,Tier 2,Tier 2
Bradford County,FL,6.0,43.53935319908677,Tier 3,Tier 4
Bradford County,PA,6.0,32.112057170830205,Tier 2,Tier 2
Bradley County,AR,7.0,62.44119498124287,Tier 4,Tier 6
Braxton County,WV,8.0,55.28696727923696,Tier 4,Tier 5
Breathitt County,KY,9.0,76.01985872456775,Tier 5,Tier 6
Brewster County,TX,7.0,42.302352832017625,Tier 3,Tier 4
Brookings County,SD,5.0,16.84091349161143,Tier 2,Tier 1
Brooks County,TX,9.0,90.81504490203187,Tier 6,Tier 6
Brown County,SD,5.0,16.263871159006033,Tier 1,Tier 1
Brown County,TX,5.0,37.71096018237809,Tier 3,Tier 3
Brule County,SD,9.0,27.249171806974015,Tier 2,Tier 2
Brunswick County,VA,8.0,47.858983712736745,Tier 3,Tier 4
Buchanan County,VA,9.0,67.39278048077256,Tier 5,Tier 6
Buckingham County,VA,8.0,50.5122839351569,Tier 4,Tier 5
Buena Vista County,IA,7.0,15.939305086437516,Tier 1,Tier 1
Buffalo County,NE,4.0,12.346736258411145,Tier 1,Tier 1
Buffalo County,SD,9.0,84.15247976224315,Tier 6,Tier 6
Bulloch County,GA,4.0,43.24314580822411,Tier 3,Tier 4
Burke County,ND,8.0,11.6501603073418,Tier 1,Tier 1
Burnet County,TX,6.0,24.471287270991933,Tier 2,Tier 1
Butler County,IA,8.0,22.167260657795694,Tier 2,Tier 1
Butler County,MO,5.0,45.150399732287724,Tier 3,Tier 4
Caddo County,OK,6.0,52.32949450581669,Tier 4,Tier 5
Caldwell County,KY,7.0,41.63431540916614,Tier 3,Tier 4
Caledonia County,VT,9.0,30.62146505090475,Tier 2,Tier 2
Calhoun County,AR,9.0,41.181936807431974,Tier 3,Tier 3
Calhoun County,FL,8.0,55.46884813108358,Tier 4,Tier 5
Calhoun County,GA,8.0,56.09809200267893,Tier 4,Tier 5
Calhoun County,MS,9.0,60.738227815507194,Tier 4,Tier 6
Calhoun County,WV,8.0,79.39890783060719,Tier 5,Tier 6
Calloway County,KY,7.0,38.93768105542305,Tier 3,Tier 3
Camas County,ID,9.0,33.013373423187566,Tier 2,Tier 2
Camden County,GA,4.0,24.586426346052644,Tier 2,Tier 1
Camden County,MO,7.0,28.707766546246944,Tier 2,Tier 2
Cameron County,PA,9.0,76.12351037803806,Tier 5,Tier 6
Candler County,GA,9.0,49.050613715884325,Tier 3,Tier 4
Carbon County,UT,7.0,34.71156159965023,Tier 3,Tier 3
Caroline County,MD,6.0,31.714968212172444,Tier 2,Tier 2
Caroline County,VA,8.0,28.402093168608232,Tier 2,Tier 2
Carroll County,AR,6.0,43.989020365004926,Tier 3,Tier 4
Carroll County,KY,6.0,39.40941430585879,Tier 3,Tier 3
Carroll County,MO,8.0,35.62834644852188,Tier 3,Tier 3
Carroll County,NH,6.0,11.59583759336722,Tier 1,Tier 1
Carroll County,VA,6.0,34.9496810549256,Tier 3,Tier 3
Carter County,MO,9.0,58.88773092878947,Tier 4,Tier 5
Carter County,OK,5.0,39.40609664125582,Tier 3,Tier 3
Carteret County,NC,4.0,19.666225855732804,Tier 2,Tier 1
Casey County,KY,9.0,62.27913170227154,Tier 4,Tier 6
Cass County,IL,6.0,33.183726172523095,Tier 2,Tier 2
Cass County,IN,4.0,30.76777411609044,Tier 2,Tier 2
Cass County,TX,6.0,53.706014793122804,Tier 4,Tier 5
Cassia County,ID,6.0,19.030254430186957,Tier 2,Tier 1
Caswell County,NC,8.0,48.92943983071669,Tier 3,Tier 4
Catahoula Parish,LA,9.0,74.53602376311373,Tier 5,Tier 6
Catron County,NM,9.0,70.39022201238066,Tier 5,Tier 6
Cattaraugus County,NY,4.0,39.89962523299858,Tier 3,Tier 3
Cayuga County,NY,4.0,28.706048110731388,Tier 2,Tier 2
Cedar County,MO,8.0,48.11017847259658,Tier 3,Tier 4
Cerro Gordo County,IA,5.0,14.940706058560444,Tier 1,Tier 1
Chaffee County,CO,6.0,22.759781484222522,Tier 2,Tier 1
Chambers County,AL,6.0,43.93549989431349,Tier 3,Tier 4
Champaign County,OH,6.0,22.766050889541553,Tier 2,Tier 1
Chariton County,MO,8.0,33.14253166803389,Tier 2,Tier 2
Charlevoix County,MI,7.0,20.657673168373382,Tier 2,Tier 1
Charlotte County,VA,8.0,58.921412717191714,Tier 4,Tier 5
Charlton County,GA,8.0,55.15150731969334,Tier 4,Tier 5
Chattooga County,GA,6.0,54.99688877238439,Tier 4,Tier 5
Chautauqua County,NY,4.0,36.34032153760691,Tier 3,Tier 3
Chaves County,NM,5.0,46.753703341074534,Tier 3,Tier 4
Cheboygan County,MI,7.0,40.35982314684075,Tier 3,Tier 3
Cherokee County,AL,8.0,41.31049729811667,Tier 3,Tier 3
Cherokee County,NC,9.0,45.25514737541278,Tier 3,Tier 4
Cherokee County,OK,6.0,51.009909142712594,Tier 4,Tier 5
Cherokee County,SC,6.0,45.161551887910164,Tier 3,Tier 4
Cherokee County,TX,6.0,47.16094261603683,Tier 3,Tier 4
Chesterfield County,SC,6.0,53.305241093569045,Tier 4,Tier 5
Chickasaw County,MS,9.0,67.85843928792666,Tier 5,Tier 6
Chicot County,AR,9.0,75.015494837367,Tier 5,Tier 6
Chippewa County,MI,7.0,41.355501454126056,Tier 3,Tier 3
Choctaw County,AL,9.0,64.57367724139138,Tier 4,Tier 6
Choctaw County,OK,9.0,65.7926610341,Tier 4,Tier 6
Chowan County,NC,8.0,53.55983154050797,Tier 4,Tier 5
Christian County,IL,6.0,28.346732621642058,Tier 2,Tier 2
Cibola County,NM,6.0,66.96021776055505,Tier 5,Tier 6
Claiborne County,MS,8.0,85.37274877916619,Tier 6,Tier 6
Claiborne County,TN,6.0,48.74010229505017,Tier 3,Tier 4
Claiborne Parish,LA,9.0,88.8430548236594,Tier 6,Tier 6
Clallam County,WA,5.0,27.793940516052352,Tier 2,Tier 2
Clare County,MI,8.0,57.30246580755687,Tier 4,Tier 5
Clarendon County,SC,8.0,52.94621702849882,Tier 4,Tier 5
Clarion County,PA,6.0,37.733172273843266,Tier 3,Tier 3
Clark County,AR,7.0,50.496438907973875,Tier 4,Tier 5
Clark County,MO,9.0,47.67874747697507,Tier 3,Tier 4
Clark County,WI,8.0,36.63811932980611,Tier 3,Tier 3
Clarke County,AL,9.0,65.57769081248351,Tier 4,Tier 6
Clarke County,IA,6.0,33.26730869962763,Tier 2,Tier 2
Clarke County,MS,9.0,64.69041216495413,Tier 4,Tier 6
Clatsop County,OR,4.0,24.40975060130346,Tier 2,Tier 1
Clay County,AL,9.0,49.01960173478383,Tier 3,Tier 4
Clay County,AR,9.0,57.71697450072647,Tier 4,Tier 5
Clay County,GA,9.0,67.07864096017221,Tier 5,Tier 6
Clay County,IL,9.0,37.66970353642095,Tier 3,Tier 3
Clay County,KY,9.0,75.26822813513645,Tier 5,Tier 6
Clay County,TN,8.0,65.01655348372,Tier 4,Tier 6
Clearfield County,PA,4.0,35.22857468528636,Tier 3,Tier 3
Cleburne County,AL,8.0,46.03970087188943,Tier 3,Tier 4
Cleburne County,AR,6.0,39.570064237734535,Tier 3,Tier 3
Cleveland County,AR,8.0,47.00179920381679,Tier 3,Tier 4
Cleveland County,NC,4.0,39.93838973117453,Tier 3,Tier 3
Clinton County,IN,6.0,27.38524484738042,Tier 2,Tier 2
Clinton County,IA,4.0,22.785683313882345,Tier 2,Tier 1
Clinton County,KY,9.0,52.81588719465263,Tier 4,Tier 5
Clinton County,NY,4.0,25.659335283762317,Tier 2,Tier 1
Clinton County,OH,6.0,27.407940255073203,Tier 2,Tier 2
Clinton County,PA,6.0,41.58465395914334,Tier 3,Tier 4
Coahoma County,MS,6.0,82.3103275188432,Tier 5,Tier 6
Coal County,OK,9.0,61.35914203631398,Tier 4,Tier 6
Cocke County,TN,6.0,53.60244346634888,Tier 4,Tier 5
Coffee County,AL,4.0,31.065257316421167,Tier 2,Tier 2
Coffee County,GA,7.0,47.81872279477408,Tier 3,Tier 4
Coles County,IL,5.0,34.87733757765871,Tier 3,Tier 3
Colfax County,NE,7.0,19.137756834300948,Tier 2,Tier 1
Colfax County,NM,7.0,46.94059205908388,Tier 3,Tier 4
Colleton County,SC,6.0,50.31710622274975,Tier 4,Tier 5
Colquitt County,GA,6.0,51.16466846980315,Tier 4,Tier 5
Columbia County,FL,4.0,36.46836331706568,Tier 3,Tier 3
Columbia County,NY,6.0,20.82983684098307,Tier 2,Tier 1
Columbia County,PA,4.0,30.730112668259956,Tier 2,Tier 2
Columbiana County,OH,4.0,34.00355620471246,Tier 3,Tier 2
Columbus County,NC,6.0,51.84694474148341,Tier 4,Tier 5
Colusa County,CA,6.0,44.704242558670096,Tier 3,Tier 4
Comanche County,TX,9.0,40.74251136252514,Tier 3,Tier 3
Concho County,TX,8.0,45.85190406124469,Tier 3,Tier 4
Concordia Parish,LA,6.0,74.94809524992381,Tier 5,Tier 6
Conecuh County,AL,9.0,66.81449646845111,Tier 5,Tier 6
Conejos County,CO,9.0,49.86469928313985,Tier 3,Tier 4
Conway County,AR,6.0,48.38667278322989,Tier 3,Tier 4
Cook County,MN,9.0,29.913037658842693,Tier 2,Tier 2
Coos County,NH,7.0,33.130166660899874,Tier 2,Tier 2
Coos County,OR,5.0,33.070791314613444,Tier 2,Tier 2
Coosa County,AL,8.0,42.80315469827747,Tier 3,Tier 4
Corson County,SD,9.0,78.31513631750295,Tier 5,Tier 6
Cortland County,NY,4.0,28.179769146827528,Tier 2,Tier 2
Coshocton County,OH,7.0,50.883179828428005,Tier 4,Tier 5
Costilla County,CO,9.0,65.60444445117952,Tier 4,Tier 6
Cottonwood County,MN,9.0,23.228834565962273,Tier 2,Tier 1
Covington County,MS,8.0,60.752532969203074,Tier 4,Tier 6
Cowley County,KS,4.0,30.823834819532475,Tier 2,Tier 2
Craig County,OK,6.0,52.5307852215448,Tier 4,Tier 5
Craven County,NC,4.0,28.68701502947047,Tier 2,Tier 2
Crawford County,IN,8.0,59.92630704841704,Tier 4,Tier 5
Crawford County,KS,4.0,39.397650165754364,Tier 3,Tier 3
Crawford County,MO,8.0,53.18137070789447,Tier 4,Tier 5
Crawford County,OH,4.0,31.28708542751252,Tier 2,Tier 2
Crawford County,PA,4.0,34.69768759121595,Tier 3,Tier 3
Crawford County,WI,6.0,27.51717573812019,Tier 2,Tier 2
Crenshaw County,AL,8.0,57.79443878206257,Tier 4,Tier 5
Crisp County,GA,6.0,69.70473575010206,Tier 5,Tier 6
Cross County,AR,6.0,51.46359633824288,Tier 4,Tier 5
Crowley County,CO,8.0,53.55615540350207,Tier 4,Tier 5
Cullman County,AL,4.0,26.211936217302163,Tier 2,Tier 2
Cumberland County,IL,9.0,19.646496821288178,Tier 2,Tier 1
Cumberland County,KY,9.0,62.921888098746805,Tier 4,Tier 6
Cumberland County,TN,4.0,31.132029383546815,Tier 2,Tier 2
Cuming County,NE,9.0,19.091071119330618,Tier 2,Tier 1
Curry County,NM,5.0,35.58836964452392,Tier 3,Tier 3
Curry County,OR,7.0,31.17323033508231,Tier 2,Tier 2
Custer County,ID,8.0,35.30145712932291,Tier 3,Tier 3
Custer County,MT,7.0,25.055419915107603,Tier 2,Tier 1
Dade County,MO,8.0,40.72222462766504,Tier 3,Tier 3
Dale County,AL,4.0,38.80235575851933,Tier 3,Tier 3
Dallas County,AL,4.0,70.56354183261209,Tier 5,Tier 6
Dare County,NC,4.0,11.812537249627475,Tier 1,Tier 1
Darke County,OH,6.0,25.392967734604856,Tier 2,Tier 1
Daviess County,IN,7.0,36.689681671197974,Tier 3,Tier 3
Daviess County,MO,8.0,45.27564637294351,Tier 3,Tier 4
Davis County,IA,9.0,36.58195685984115,Tier 3,Tier 3
Davison County,SD,7.0,25.45121049686726,Tier 2,Tier 1
Dawes County,NE,9.0,30.60533157735566,Tier 2,Tier 2
Dawson County,MT,7.0,13.96343997210282,Tier 1,Tier 1
Dawson County,TX,6.0,52.49762436855413,Tier 4,Tier 5
DeKalb County,AL,6.0,42.065531480807564,Tier 3,Tier 4
DeKalb County,TN,8.0,52.79886743504639,Tier 4,Tier 5
DeSoto County,FL,6.0,53.37774359187676,Tier 4,Tier 5
Deaf Smith County,TX,6.0,45.64297113626486,Tier 3,Tier 4
Decatur County,GA,6.0,53.55709305111158,Tier 4,Tier 5
Decatur County,IA,9.0,38.6161016963338,Tier 3,Tier 3
Decatur County,KS,9.0,27.509616423424443,Tier 2,Tier 2
Deer Lodge County,MT,7.0,43.46743244003751,Tier 3,Tier 4
Defiance County,OH,6.0,19.6050308384926,Tier 2,Tier 1
Del Norte County,CA,7.0,30.81238172784379,Tier 2,Tier 2
Delaware County,OK,6.0,49.28750698714179,Tier 3,Tier 4
Delta County,CO,6.0,41.48589276414185,Tier 3,Tier 4
Delta County,TX,8.0,42.3213920146784,Tier 3,Tier 4
Dent County,MO,9.0,46.44469176724632,Tier 3,Tier 4
Des Moines County,IA,5.0,29.46473637535171,Tier 2,Tier 2
Dewey County,SD,9.0,70.42739932562746,Tier 5,Tier 6
Dickenson County,VA,9.0,59.61889593415336,Tier 4,Tier 5
Dickinson County,KS,6.0,21.026777260439395,Tier 2,Tier 1
Dillon County,SC,6.0,69.97279345214031,Tier 5,Tier 6
Dimmit County,TX,7.0,99.67344789146686,Tier 6,Tier 6
Dixie County,FL,8.0,47.93274859976404,Tier 3,Tier 4
Doddridge County,WV,9.0,39.94432028747178,Tier 3,Tier 3
Dodge County,GA,7.0,57.25692311289428,Tier 4,Tier 5
Dodge County,NE,4.0,16.29449841825733,Tier 1,Tier 1
Dodge County,WI,4.0,9.197614920468617,Tier 1,Tier 1
Dolores County,CO,9.0,48.03947157914196,Tier 3,Tier 4
Dooly County,GA,8.0,60.34040005929208,Tier 4,Tier 6
Door County,WI,6.0,14.645726727445624,Tier 1,Tier 1
Dorchester County,MD,6.0,42.54143927010933,Tier 3,Tier 4
Douglas County,MO,8.0,47.477713267752705,Tier 3,Tier 4
Douglas County,OR,4.0,29.065808961652596,Tier 2,Tier 2
Drew County,AR,7.0,55.443281007427224,Tier 4,Tier 5
Dubois County,IN,5.0,15.043494363492,Tier 1,Tier 1
Dukes County,MA,7.0,15.190309452107886,Tier 1,Tier 1
Dunklin County,MO,7.0,57.41117790778798,Tier 4,Tier 5
Dunn County,ND,9.0,6.39932483105865,Tier 1,Tier 1
Dunn County,WI,6.0,17.364216589042076,Tier 2,Tier 1
Duplin County,NC,8.0,50.02558281830668,Tier 4,Tier 5
Duval County,TX,9.0,74.10118121221956,Tier 5,Tier 6
Eagle County,CO,5.0,8.86640162220088,Tier 1,Tier 1
Early County,GA,8.0,61.86896699835158,Tier 4,Tier 6
East Carroll Parish,LA,8.0,97.83945437443798,Tier 6,Tier 6
Eddy County,NM,5.0,25.44351338102461,Tier 2,Tier 1
Edwards County,IL,9.0,37.753178238044654,Tier 3,Tier 3
Effingham County,IL,7.0,13.162286405694983,Tier 1,Tier 1
Elbert County,GA,6.0,54.05075078299545,Tier 4,Tier 5
Elk County,PA,7.0,31.55353659155069,Tier 2,Tier 2
Elko County,NV,5.0,17.13285270323137,Tier 2,Tier 1
Elliott County,KY,8.0,68.07489229778481,Tier 5,Tier 6
Ellis County,KS,5.0,23.24556586203937,Tier 2,Tier 1
Elmore County,ID,6.0,25.006708272785254,Tier 2,Tier 1
Emanuel County,GA,7.0,56.946945299285815,Tier 4,Tier 5
Emery County,UT,9.0,24.98900699421155,Tier 2,Tier 1
Emmet County,MI,7.0,21.98965149407595,Tier 2,Tier 1
Erath County,TX,5.0,35.939602657530024,Tier 3,Tier 3
Escambia County,AL,6.0,58.44677528874349,Tier 4,Tier 5
Essex County,NY,6.0,26.27400235642193,Tier 2,Tier 2
Essex County,VT,9.0,51.008071437584476,Tier 4,Tier 5
Estill County,KY,8.0,62.891012190858156,Tier 4,Tier 6
Evangeline Parish,LA,6.0,63.95852569134335,Tier 4,Tier 6
Evans County,GA,8.0,50.166741247220116,Tier 4,Tier 5
Fannin County,GA,8.0,32.838125499831605,Tier 2,Tier 2
Fannin County,TX,6.0,38.12622708986223,Tier 3,Tier 3
Fayette County,IL,6.0,36.367996411139046,Tier 3,Tier 3
Fayette County,IN,6.0,43.83010552263308,Tier 3,Tier 4
Fayette County,OH,6.0,37.7747602737422,Tier 3,Tier 3
Fayette County,TX,6.0,33.48913783592413,Tier 3,Tier 2
Fentress County,TN,8.0,47.006831061023014,Tier 3,Tier 4
Fergus County,MT,7.0,28.887118122221487,Tier 2,Tier 2
Ferry County,WA,8.0,54.99703681172288,Tier 4,Tier 5
Finney County,KS,5.0,22.84670560334345,Tier 2,Tier 1
Flathead County,MT,5.0,14.978668667505913,Tier 1,Tier 1
Fleming County,KY,9.0,51.1678664352359,Tier 4,Tier 5
Floyd County,KY,7.0,54.18719806197042,Tier 4,Tier 5
Ford County,KS,5.0,21.248156565939492,Tier 2,Tier 1
Forest County,WI,9.0,42.95740877418871,Tier 3,Tier 4
Franklin County,AL,6.0,53.914856173861295,Tier 4,Tier 5
Franklin County,FL,8.0,39.820257768427155,Tier 3,Tier 3
Franklin County,GA,8.0,46.25458183543173,Tier 3,Tier 4
Franklin County,IL,7.0,40.722966601117754,Tier 3,Tier 3
Franklin County,KS,6.0,20.586648614245835,Tier 2,Tier 1
Franklin County,KY,4.0,26.43417233208868,Tier 2,Tier 2
Franklin County,ME,8.0,36.145633188524805,Tier 3,Tier 3
Franklin County,MA,4.0,19.94289792797879,Tier 2,Tier 1
Franklin County,MS,9.0,69.76352659252457,Tier 5,Tier 6
Franklin County,NY,7.0,36.852774737309204,Tier 3,Tier 3
Franklin Parish,LA,6.0,64.62516939024418,Tier 4,Tier 6
Fremont County,CO,4.0,33.180417646339386,Tier 2,Tier 2
Fremont County,ID,8.0,15.589446838962772,Tier 1,Tier 1
Fremont County,WY,7.0,33.95011179741259,Tier 3,Tier 2
Frio County,TX,6.0,59.04088106750357,Tier 4,Tier 5
Fulton County,AR,9.0,57.691987327629114,Tier 4,Tier 5
Fulton County,KY,9.0,63.20210618629004,Tier 4,Tier 6
Fulton County,PA,8.0,34.52780837193033,Tier 3,Tier 3
Gallatin County,IL,8.0,44.30178122591794,Tier 3,Tier 4
Gallia County,OH,6.0,43.49123118380005,Tier 3,Tier 4
Garfield County,CO,5.0,15.507500698988103,Tier 1,Tier 1
Garfield County,UT,9.0,37.38044978948592,Tier 3,Tier 3
Garrard County,KY,8.0,34.64875644861367,Tier 3,Tier 3
Garrett County,MD,8.0,31.527020820938844,Tier 2,Tier 2
Garvin County,OK,6.0,42.823685729328666,Tier 3,Tier 4
Gasconade County,MO,8.0,28.76163055644107,Tier 2,Tier 2
Genesee County,NY,4.0,19.390127429458396,Tier 2,Tier 1
Gentry County,MO,8.0,41.0850279388281,Tier 3,Tier 3
George County,MS,8.0,54.67298481371103,Tier 4,Tier 5
Georgetown County,SC,4.0,33.040229586889566,Tier 2,Tier 2
Gibson County,IN,6.0,19.725893800362154,Tier 2,Tier 1
Gila County,AZ,4.0,45.6308073819505,Tier 3,Tier 4
Gillespie County,TX,7.0,30.637644399334864,Tier 2,Tier 2
Gilmer County,GA,6.0,32.16351723151183,Tier 2,Tier 2
Gilmer County,WV,9.0,51.693622515846606,Tier 4,Tier 5
Glacier County,MT,9.0,61.65929996189674,Tier 4,Tier 6
Glades County,FL,8.0,58.38523668222896,Tier 4,Tier 5
Gladwin County,MI,8.0,46.58288258503812,Tier 3,Tier 4
Glascock County,GA,9.0,49.484941647938555,Tier 3,Tier 4
Glenn County,CA,6.0,33.87888411653649,Tier 3,Tier 2
Gonzales County,TX,6.0,49.64624095172381,Tier 3,Tier 4
Gove County,KS,9.0,19.68725535983774,Tier 2,Tier 1
Grafton County,NH,5.0,14.684846626976416,Tier 1,Tier 1
Graham County,AZ,7.0,34.960235402547895,Tier 3,Tier 3
Graham County,KS,9.0,27.619198918200148,Tier 2,Tier 2
Graham County,NC,9.0,52.184397938164416,Tier 4,Tier 5
Grant County,IN,4.0,36.59813631913135,Tier 3,Tier 3
Grant County,KS,7.0,14.732139624442281,Tier 1,Tier 1
Grant County,NM,7.0,46.798939103585965,Tier 3,Tier 4
Grant County,OK,8.0,41.40131177384216,Tier 3,Tier 3
Grant County,WA,5.0,30.0684312026205,Tier 2,Tier 2
Grant County,WV,9.0,34.6615449923622,Tier 3,Tier 3
Granville County,NC,6.0,28.565866129401062,Tier 2,Tier 2
Gratiot County,MI,6.0,29.92108394114752,Tier 2,Tier 2
Graves County,KY,6.0,41.118551508187444,Tier 3,Tier 3
Grays Harbor County,WA,4.0,32.846042150465706,Tier 2,Tier 2
Grayson County,VA,9.0,47.606210749467415,Tier 3,Tier 4
Green County,KY,8.0,55.47665785132031,Tier 4,Tier 5
Greenbrier County,WV,6.0,44.48185095171354,Tier 3,Tier 4
Greene County,AR,4.0,35.00153335197481,Tier 3,Tier 3
Greene County,GA,8.0,28.290149265014996,Tier 2,Tier 2
Greene County,IN,6.0,35.37518591950808,Tier 3,Tier 3
Greene County,MS,8.0,66.94055354387432,Tier 5,Tier 6
Greene County,NC,8.0,52.5772258387476,Tier 4,Tier 5
Greene County,PA,6.0,31.707818454723085,Tier 2,Tier 2
Greene County,TN,4.0,38.398246731871964,Tier 3,Tier 3
Greenlee County,AZ,9.0,24.571259317287442,Tier 2,Tier 1
Greenwood County,SC,4.0,36.92929915564927,Tier 3,Tier 3
Grenada County,MS,7.0,56.628371545642054,Tier 4,Tier 5
Grimes County,TX,6.0,45.1481987258845,Tier 3,Tier 4
Grundy County,TN,8.0,56.10643832736185,Tier 4,Tier 5
Guadalupe County,NM,9.0,53.97824737377081,Tier 4,Tier 5
Guernsey County,OH,6.0,41.32432874889151,Tier 3,Tier 3
Gulf County,FL,8.0,31.60631344588226,Tier 2,Tier 2
Gunnison County,CO,7.0,19.65036493718933,Tier 2,Tier 1
Habersham County,GA,6.0,34.16773886904328,Tier 3,Tier 3
Hale County,TX,4.0,48.8025437195299,Tier 3,Tier 4
Halifax County,NC,4.0,70.02836359771459,Tier 5,Tier 6
Halifax County,VA,6.0,50.771668718268316,Tier 4,Tier 5
Hamilton County,NY,8.0,34.92208903868019,Tier 3,Tier 3
Hamlin County,SD,9.0,11.607779008241453,Tier 1,Tier 1
Hampton County,SC,8.0,55.07295098160259,Tier 4,Tier 5
Hancock County,GA,9.0,91.8843214767143,Tier 6,Tier 6
Hancock County,ME,8.0,24.81384869558603,Tier 2,Tier 1
Hancock County,OH,4.0,17.397466434572895,Tier 2,Tier 1
Hancock County,TN,8.0,80.05565716180732,Tier 5,Tier 6
Hardee County,FL,6.0,55.673869798267376,Tier 4,Tier 5
Hardeman County,TN,6.0,52.27885345234758,Tier 4,Tier 5
Hardin County,IL,9.0,45.71111511025708,Tier 3,Tier 4
Hardin County,OH,6.0,40.968205668234155,Tier 3,Tier 3
Hardin County,TN,6.0,42.464635821973935,Tier 3,Tier 4
Harding County,NM,9.0,71.06336173915918,Tier 5,Tier 6
Hardy County,WV,8.0,44.20484513279849,Tier 3,Tier 4
Harlan County,KY,7.0,68.32556504450599,Tier 5,Tier 6
Harmon County,OK,9.0,47.13550212747497,Tier 3,Tier 4
Harnett County,NC,4.0,33.09902026465535,Tier 2,Tier 2
Harrison County,KY,6.0,41.171118816087,Tier 3,Tier 3
Harrison County,MO,9.0,47.6686577312924,Tier 3,Tier 4
Harrison County,OH,8.0,47.41771138704313,Tier 3,Tier 4
Harrison County,WV,5.0,31.264459870313942,Tier 2,Tier 2
Hart County,GA,6.0,35.25434924638652,Tier 3,Tier 3
Hart County,KY,8.0,48.858640785277046,Tier 3,Tier 4
Haskell County,OK,8.0,54.50883077694682,Tier 4,Tier 5
Hawaii County,HI,5.0,30.183285486037786,Tier 2,Tier 2
Haywood County,NC,4.0,28.641804444699424,Tier 2,Tier 2
Haywood County,TN,6.0,64.10033229272686,Tier 4,Tier 6
Hempstead County,AR,6.0,53.60192992598971,Tier 4,Tier 5
Henderson County,IL,9.0,30.916716442339553,Tier 2,Tier 2
Henderson County,KY,4.0,32.24543333948372,Tier 2,Tier 2
Henderson County,TX,4.0,40.10088760107487,Tier 3,Tier 3
Hendry County,FL,4.0,53.609087086486,Tier 4,Tier 5
Henry County,IN,6.0,28.168148513201587,Tier 2,Tier 2
Henry County,MO,6.0,36.201893280318885,Tier 3,Tier 3
Henry County,OH,6.0,17.054314394307042,Tier 2,Tier 1
Henry County,VA,4.0,42.13235727005162,Tier 3,Tier 4
Hertford County,NC,8.0,57.8223297442012,Tier 4,Tier 5
Hickman County,KY,8.0,32.9346376002937,Tier 2,Tier 2
Hickory County,MO,8.0,62.58701506411577,Tier 4,Tier 6
Hidalgo County,NM,9.0,55.668669910689594,Tier 4,Tier 5
Highland County,OH,6.0,40.07323914360632,Tier 3,Tier 3
Highland County,VA,8.0,36.31329892774392,Tier 3,Tier 3
Hill County,MT,7.0,33.70613516680001,Tier 3,Tier 2
Hill County,TX,6.0,40.490802853985166,Tier 3,Tier 3
Holmes County,FL,8.0,50.103068276462416,Tier 4,Tier 5
Holt County,MO,8.0,34.5192446630963,Tier 3,Tier 3
Holt County,NE,9.0,21.55816867378096,Tier 2,Tier 1
Hood River County,OR,6.0,14.185480670778649,Tier 1,Tier 1
Hopkins County,KY,5.0,36.12782635319074,Tier 3,Tier 3
Hopkins County,TX,6.0,34.02607074198317,Tier 3,Tier 2
Hot Spring County,AR,6.0,45.08475233260819,Tier 3,Tier 4
Houghton County,MI,5.0,37.60029524395068,Tier 3,Tier 3
Howard County,TX,4.0,38.634378345544754,Tier 3,Tier 3
Howell County,MO,7.0,48.91346303503348,Tier 3,Tier 4
Huerfano County,CO,8.0,50.75548980244277,Tier 4,Tier 5
Hughes County,OK,9.0,55.99325743842187,Tier 4,Tier 5
Humboldt County,CA,5.0,34.644399026788015,Tier 3,Tier 3
Humphreys County,MS,8.0,90.30798302679341,Tier 6,Tier 6
Huntingdon County,PA,6.0,34.040580358012626,Tier 3,Tier 3
Huntington County,IN,6.0,22.688826640718602,Tier 2,Tier 1
Huron County,MI,9.0,34.92269318834224,Tier 3,Tier 3
Huron County,OH,4.0,26.78658217697728,Tier 2,Tier 2
Hyde County,NC,9.0,73.16093919737821,Tier 5,Tier 6
Hyde County,SD,9.0,17.196400096848834,Tier 2,Tier 1
Iberia Parish,LA,4.0,49.60576587701952,Tier 3,Tier 4
Independence County,AR,7.0,46.370976219952595,Tier 3,Tier 4
Indiana County,PA,4.0,36.772524751538256,Tier 3,Tier 3
Inyo County,CA,6.0,26.623086253459892,Tier 2,Tier 2
Iosco County,MI,7.0,47.06551912752887,Tier 3,Tier 4
Iron County,MI,9.0,51.16261793382799,Tier 4,Tier 5
Iron County,MO,9.0,57.48277734568108,Tier 4,Tier 5
Iron County,UT,4.0,20.30391460671529,Tier 2,Tier 1
Iron County,WI,9.0,35.60983852535983,Tier 3,Tier 3
Irwin County,GA,9.0,45.837399237905686,Tier 3,Tier 4
Isabella County,MI,4.0,44.46342445884744,Tier 3,Tier 4
Island County,WA,4.0,10.003533555752469,Tier 1,Tier 1
Issaquena County,MS,9.0,97.50726340203019,Tier 6,Tier 6
Itasca County,MN,6.0,25.981126681162102,Tier 2,Tier 1
Itawamba County,MS,9.0,39.237713208429305,Tier 3,Tier 3
Izard County,AR,9.0,62.91953069296383,Tier 4,Tier 6
Jackson County,AL,6.0,41.94568033000991,Tier 3,Tier 4
Jackson County,AR,6.0,57.54467260554114,Tier 4,Tier 5
Jackson County,FL,6.0,46.59951240855761,Tier 3,Tier 4
Jackson County,GA,4.0,14.814514626730984,Tier 1,Tier 1
Jackson County,IL,5.0,49.30584444121114,Tier 3,Tier 4
Jackson County,IN,4.0,26.06854293857322,Tier 2,Tier 1
Jackson County,KY,9.0,69.08861212977197,Tier 5,Tier 6
Jackson County,NC,7.0,44.843203407985385,Tier 3,Tier 4
Jackson County,OH,7.0,45.24488384587589,Tier 3,Tier 4
Jackson County,OK,7.0,32.918411391315345,Tier 2,Tier 2
Jackson County,TN,8.0,64.14601192705001,Tier 4,Tier 6
Jackson County,WV,8.0,44.88239367289002,Tier 3,Tier 4
Jackson County,WI,8.0,28.952987248448125,Tier 2,Tier 2
Jackson Parish,LA,6.0,60.16139955683541,Tier 4,Tier 5
Jasper County,MS,8.0,71.9179726193051,Tier 5,Tier 6
Jasper County,TX,6.0,57.56435778547646,Tier 4,Tier 5
Jay County,IN,6.0,39.307256305767474,Tier 3,Tier 3
Jefferson County,AR,4.0,50.636684638589166,Tier 4,Tier 5
Jefferson County,GA,8.0,60.99456302256186,Tier 4,Tier 6
Jefferson County,IL,7.0,30.17913844514804,Tier 2,Tier 2
Jefferson County,IA,7.0,27.083409208808806,Tier 2,Tier 2
Jefferson County,MS,9.0,82.00755129506732,Tier 5,Tier 6
Jefferson County,PA,7.0,40.085570277739656,Tier 3,Tier 3
Jefferson County,WI,4.0,8.90828756901566,Tier 1,Tier 1
Jefferson Davis County,MS,8.0,73.01307962198793,Tier 5,Tier 6
Jenkins County,GA,9.0,72.08339174567182,Tier 5,Tier 6
Jerauld County,SD,9.0,18.898487304077975,Tier 2,Tier 1
Jim Hogg County,TX,8.0,80.99399809861028,Tier 5,Tier 6
Jim Wells County,TX,6.0,66.59496284072083,Tier 4,Tier 6
Johnson County,AR,7.0,52.40100921935797,Tier 4,Tier 5
Johnson County,GA,9.0,49.347666894534925,Tier 3,Tier 4
Johnson County,IL,8.0,44.20084950369929,Tier 3,Tier 4
Johnson County,KY,7.0,51.600423589502306,Tier 4,Tier 5
Johnson County,MO,4.0,21.94647756758173,Tier 2,Tier 1
Johnson County,TN,8.0,47.96848174819542,Tier 3,Tier 4
Johnston County,OK,9.0,55.730258689433334,Tier 4,Tier 5
Jones County,MS,4.0,52.893241178197634,Tier 4,Tier 5
Jones County,SD,9.0,20.20682842515233,Tier 2,Tier 1
Juneau County,WI,8.0,28.7884120968335,Tier 2,Tier 2
Kandiyohi County,MN,4.0,12.178087687440598,Tier 1,Tier 1
Karnes County,TX,8.0,49.98085407427515,Tier 3,Tier 5
Kauai County,HI,5.0,16.783104644384434,Tier 2,Tier 1
Kay County,OK,4.0,40.13186214174994,Tier 3,Tier 3
Kemper County,MS,9.0,74.19333768849674,Tier 5,Tier 6
Kennebec County,ME,4.0,23.15043748453838,Tier 2,Tier 1
Kent County,MD,6.0,30.47275624553198,Tier 2,Tier 2
Keokuk County,IA,8.0,31.746324188219177,Tier 2,Tier 2
Kimble County,TX,9.0,40.034515593617556,Tier 3,Tier 3
Kingsbury County,SD,9.0,20.296316846918046,Tier 2,Tier 1
Kinney County,TX,9.0,51.881416367509935,Tier 4,Tier 5
Kiowa County,CO,9.0,27.91353878285094,Tier 2,Tier 2
Kiowa County,OK,8.0,58.14626288735081,Tier 4,Tier 5
Kit Carson County,CO,9.0,26.268713197835247,Tier 2,Tier 2
Kittitas County,WA,4.0,29.465053065640834,Tier 2,Tier 2
Klamath County,OR,5.0,37.99825394133507,Tier 3,Tier 3
Kleberg County,TX,4.0,58.31816879940796,Tier 4,Tier 5
Klickitat County,WA,9.0,33.617305227141735,Tier 3,Tier 2
Knott County,KY,9.0,70.60623405742324,Tier 5,Tier 6
Knox County,IL,4.0,41.11456283587216,Tier 3,Tier 3
Knox County,IN,7.0,29.57909211738943,Tier 2,Tier 2
Knox County,KY,7.0,75.22102156403483,Tier 5,Tier 6
Knox County,ME,7.0,19.73681230682826,Tier 2,Tier 1
Knox County,MO,9.0,54.55478780835597,Tier 4,Tier 5
Knox County,OH,6.0,24.139261502290196,Tier 2,Tier 1
Koochiching County,MN,7.0,26.593346105771516,Tier 2,Tier 2
Kosciusko County,IN,4.0,17.9135351922448,Tier 2,Tier 1
La Plata County,CO,6.0,15.625580733385313,Tier 1,Tier 1
La Salle County,TX,8.0,64.4183988149166,Tier 4,Tier 6
LaMoure County,ND,9.0,19.024622751216736,Tier 2,Tier 1
Labette County,KS,7.0,37.32706052033,Tier 3,Tier 3
Laclede County,MO,6.0,40.195325531184004,Tier 3,Tier 3
Lafayette County,AR,8.0,80.0910973184281,Tier 5,Tier 6
Lafayette County,FL,9.0,42.0386077448624,Tier 3,Tier 4
Lafayette County,MS,4.0,34.86146746702198,Tier 3,Tier 3
Lafayette County,WI,8.0,23.300491889192028,Tier 2,Tier 1
Lake County,CA,4.0,39.94903115474992,Tier 3,Tier 3
Lake County,CO,9.0,19.882449923577934,Tier 2,Tier 1
Lake County,MI,9.0,78.84462109516033,Tier 5,Tier 6
Lake County,MT,6.0,35.13808168986342,Tier 3,Tier 3
Lake County,TN,9.0,82.09206597438703,Tier 5,Tier 6
Lamar County,AL,8.0,53.238481205031306,Tier 4,Tier 5
Lamar County,GA,6.0,28.846484461901508,Tier 2,Tier 2
Lamar County,TX,5.0,46.08572710427782,Tier 3,Tier 4
Lamoille County,VT,8.0,22.642297260428098,Tier 2,Tier 1
Lander County,NV,9.0,13.449649566906213,Tier 1,Tier 1
Langlade County,WI,6.0,29.192446284599793,Tier 2,Tier 2
Las Animas County,CO,7.0,45.101151929042665,Tier 3,Tier 4
Lassen County,CA,7.0,28.987442377055068,Tier 2,Tier 2
Latah County,ID,4.0,22.29920642535247,Tier 2,Tier 1
Latimer County,OK,9.0,59.43598152714446,Tier 4,Tier 5
Lauderdale County,MS,5.0,53.54790746473221,Tier 4,Tier 5
Lauderdale County,TN,6.0,51.82761499547448,Tier 4,Tier 5
Laurel County,KY,5.0,38.713277132326816,Tier 3,Tier 3
Laurens County,GA,4.0,51.019643641089786,Tier 4,Tier 5
Lawrence County,AR,6.0,43.334861092898876,Tier 3,Tier 4
Lawrence County,IN,6.0,26.370361511931463,Tier 2,Tier 2
Lawrence County,MS,8.0,73.55535461133924,Tier 5,Tier 6
Lawrence County,MO,6.0,37.143080389727714,Tier 3,Tier 3
Le Flore County,OK,6.0,51.89238378818635,Tier 4,Tier 5
Lea County,NM,5.0,38.034012103727015,Tier 3,Tier 3
Leake County,MS,8.0,63.07061254262457,Tier 4,Tier 6
Lee County,AR,8.0,81.84779727876244,Tier 5,Tier 6
Lee County,IA,7.0,27.459167201076507,Tier 2,Tier 2
Lee County,KY,9.0,72.69600785613599,Tier 5,Tier 6
Lee County,MS,5.0,31.010324616765566,Tier 2,Tier 2
Lee County,NC,4.0,38.2589894932671,Tier 3,Tier 3
Lee County,SC,8.0,61.70277270867168,Tier 4,Tier 6
Lee County,TX,8.0,42.973522989631746,Tier 3,Tier 4
Lee County,VA,8.0,64.55655396598398,Tier 4,Tier 6
Leflore County,MS,6.0,84.36965052367533,Tier 6,Tier 6
Lenawee County,MI,4.0,25.89507667563421,Tier 2,Tier 1
Lenoir County,NC,4.0,53.00159609183795,Tier 4,Tier 5
Leon County,TX,8.0,49.38338933587719,Tier 3,Tier 4
Leslie County,KY,9.0,71.31080958840246,Tier 5,Tier 6
Letcher County,KY,9.0,66.29572946327484,Tier 4,Tier 6
Lewis County,KY,8.0,63.77795657921168,Tier 4,Tier 6
Lewis County,NY,8.0,28.36609064940545,Tier 2,Tier 2
Lewis County,TN,8.0,50.973977405977564,Tier 4,Tier 5
Lewis County,WA,4.0,27.15455707841873,Tier 2,Tier 2
Lewis County,WV,9.0,52.400527948244246,Tier 4,Tier 5
Liberty County,FL,8.0,54.43133793750475,Tier 4,Tier 5
Lincoln County,AR,9.0,62.906116224714296,Tier 4,Tier 6
Lincoln County,CO,8.0,38.0673046211477,Tier 3,Tier 3
Lincoln County,ID,8.0,30.14544552532058,Tier 2,Tier 2
Lincoln County,KY,9.0,51.54306432554758,Tier 4,Tier 5
Lincoln County,ME,8.0,23.357594070094187,Tier 2,Tier 1
Lincoln County,MS,6.0,47.99897484897276,Tier 3,Tier 4
Lincoln County,MT,9.0,42.50411645152874,Tier 3,Tier 4
Lincoln County,NM,7.0,41.6265255316525,Tier 3,Tier 4
Lincoln County,OR,5.0,31.144684798078863,Tier 2,Tier 2
Lincoln County,WV,8.0,53.77471749981081,Tier 4,Tier 5
Lincoln County,WI,6.0,19.742060693502555,Tier 2,Tier 1
Lincoln Parish,LA,4.0,57.8985971739148,Tier 4,Tier 5
Linn County,MO,9.0,44.60213511088817,Tier 3,Tier 4
Live Oak County,TX,8.0,58.90222319895193,Tier 4,Tier 5
Livingston County,MO,7.0,34.40267648259005,Tier 3,Tier 3
Logan County,AR,8.0,45.907552829759304,Tier 3,Tier 4
Logan County,CO,6.0,25.12944493886524,Tier 2,Tier 1
Logan County,IL,6.0,25.754824759295314,Tier 2,Tier 1
Logan County,KS,9.0,24.19493020546493,Tier 2,Tier 1
Logan County,KY,6.0,33.60623925792869,Tier 3,Tier 2
Logan County,OH,4.0,20.76394750932788,Tier 2,Tier 1
Logan County,WV,6.0,50.47839853476847,Tier 4,Tier 5
Louisa County,IA,8.0,22.771897306053425,Tier 2,Tier 1
Louisa County,VA,8.0,26.776003215590322,Tier 2,Tier 2
Lucas County,IA,8.0,31.868162052891584,Tier 2,Tier 2
Luna County,NM,6.0,74.18783971555136,Tier 5,Tier 6
Lunenburg County,VA,9.0,53.0808789196844,Tier 4,Tier 5
Lyman County,SD,9.0,50.57983823399641,Tier 4,Tier 5
Lyon County,KS,4.0,27.386466835672984,Tier 2,Tier 2
Lyon County,MN,7.0,16.909170151992477,Tier 2,Tier 1
Macon County,GA,8.0,80.26747864557451,Tier 5,Tier 6
Macon County,MO,7.0,35.80642172476833,Tier 3,Tier 3
Macon County,NC,7.0,40.72828825084321,Tier 3,Tier 3
Madison County,FL,8.0,59.74848436585998,Tier 4,Tier 5
Madison County,ID,4.0,33.918110374476754,Tier 3,Tier 2
Madison County,KY,4.0,28.235580961354096,Tier 2,Tier 2
Madison County,NE,5.0,17.870848663419732,Tier 2,Tier 1
Madison County,TX,8.0,46.34407773589205,Tier 3,Tier 4
Madison Parish,LA,6.0,80.632194590991,Tier 5,Tier 6
Magoffin County,KY,9.0,84.62342709319853,Tier 6,Tier 6
Mahaska County,IA,7.0,18.393255873132773,Tier 2,Tier 1
Malheur County,OR,6.0,40.06713084307651,Tier 3,Tier 3
Manistee County,MI,6.0,32.47948562856228,Tier 2,Tier 2
Manitowoc County,WI,4.0,13.638935150835795,Tier 1,Tier 1
Marengo County,AL,6.0,57.3346013849658,Tier 4,Tier 5
Marinette County,WI,6.0,22.687639686412002,Tier 2,Tier 1
Marion County,AR,9.0,49.636115363943766,Tier 3,Tier 4
Marion County,IL,7.0,34.10697225973179,Tier 3,Tier 3
Marion County,IA,6.0,9.901314577823882,Tier 1,Tier 1
Marion County,KY,6.0,35.651819828980116,Tier 3,Tier 3
Marion County,MS,6.0,58.60490792396007,Tier 4,Tier 5
Marion County,MO,7.0,30.991805792765,Tier 2,Tier 2
Marion County,OH,4.0,34.96491978087284,Tier 3,Tier 3
Marion County,SC,6.0,75.58031403217984,Tier 5,Tier 6
Marion County,WV,4.0,27.810346171989668,Tier 2,Tier 2
Mariposa County,CA,8.0,37.4981924672271,Tier 3,Tier 3
Marlboro County,SC,6.0,80.82312649092623,Tier 5,Tier 6
Marquette County,MI,5.0,30.429764357695984,Tier 2,Tier 2
Marshall County,AL,4.0,29.477682380124776,Tier 2,Tier 2
Marshall County,IN,6.0,27.56219715742272,Tier 2,Tier 2
Marshall County,IA,4.0,24.18141984424124,Tier 2,Tier 1
Marshall County,OK,9.0,47.514357485716125,Tier 3,Tier 4
Marshall County,TN,6.0,27.826472066854606,Tier 2,Tier 2
Martin County,IN,9.0,30.800886362450285,Tier 2,Tier 2
Martin County,KY,8.0,66.43224000487848,Tier 4,Tier 6
Martin County,NC,6.0,51.21436047038682,Tier 4,Tier 5
Mason County,KY,6.0,42.02303013158127,Tier 3,Tier 4
Mason County,MI,7.0,31.86792766966774,Tier 2,Tier 2
Mason County,TX,9.0,38.273837221330744,Tier 3,Tier 3
Mason County,WA,4.0,29.186708403131988,Tier 2,Tier 2
Mason County,WV,6.0,41.99676792265948,Tier 3,Tier 4
Matagorda County,TX,6.0,59.990065483776924,Tier 4,Tier 5
Mayes County,OK,6.0,41.14518353633404,Tier 3,Tier 3
McCormick County,SC,8.0,46.13140795953174,Tier 3,Tier 4
McCreary County,KY,9.0,84.28717208074184,Tier 6,Tier 6
McCulloch County,TX,9.0,51.20858437637453,Tier 4,Tier 5
McCurtain County,OK,7.0,55.19976832790794,Tier 4,Tier 5
McDonald County,MO,8.0,57.21866244731704,Tier 4,Tier 5
McDowell County,NC,6.0,37.28914265175604,Tier 3,Tier 3
McDowell County,WV,9.0,84.22424584311622,Tier 6,Tier 6
McIntosh County,OK,8.0,67.7002981546592,Tier 5,Tier 6
McKinley County,NM,5.0,88.401039515032,Tier 6,Tier 6
McLean County,ND,8.0,13.22843791109788,Tier 1,Tier 1
McMinn County,TN,4.0,30.767852865907535,Tier 2,Tier 2
McMullen County,TX,8.0,46.88439551383661,Tier 3,Tier 4
McNairy County,TN,8.0,39.43124631504583,Tier 3,Tier 3
McPherson County,KS,7.0,12.131868511707927,Tier 1,Tier 1
Mecklenburg County,VA,7.0,46.60979512151281,Tier 3,Tier 4
Mecosta County,MI,6.0,43.40534420848587,Tier 3,Tier 4
Meigs County,OH,8.0,61.63920090046196,Tier 4,Tier 6
Meigs County,TN,8.0,45.05702115195233,Tier 3,Tier 4
Mellette County,SD,9.0,80.24298888290622,Tier 5,Tier 6
Menard County,TX,9.0,76.75295044794359,Tier 5,Tier 6
Mendocino County,CA,4.0,33.3430861508209,Tier 3,Tier 2
Menifee County,KY,9.0,64.74834022405689,Tier 4,Tier 6
Menominee County,MI,7.0,35.481288884315646,Tier 3,Tier 3
Mercer County,KY,6.0,24.995937316551128,Tier 2,Tier 1
Mercer County,MO,9.0,41.37445381807602,Tier 3,Tier 3
Mercer County,ND,8.0,10.436560143293711,Tier 1,Tier 1
Mercer County,PA,4.0,33.54267219598872,Tier 3,Tier 2
Mercer County,WV,4.0,43.43342391913863,Tier 3,Tier 4
Merrimack County,NH,4.0,4.002466468238381,Tier 1,Tier 1
Metcalfe County,KY,9.0,49.1039842964411,Tier 3,Tier 4
Miami County,IN,6.0,35.020656435548915,Tier 3,Tier 3
Mifflin County,PA,4.0,39.1797678338773,Tier 3,Tier 3
Milam County,TX,6.0,58.56112429279268,Tier 4,Tier 5
Millard County,UT,9.0,23.527169072352226,Tier 2,Tier 1
Miller County,MO,6.0,37.29481203159908,Tier 3,Tier 3
Miner County,SD,8.0,21.266661271329383,Tier 2,Tier 1
Mingo County,WV,8.0,78.02239404453708,Tier 5,Tier 6
Minidoka County,ID,7.0,28.89004437979083,Tier 2,Tier 2
Missaukee County,MI,8.0,36.05594109360168,Tier 3,Tier 3
Mississippi County,AR,4.0,55.983517175264986,Tier 4,Tier 5
Mississippi County,MO,8.0,66.49317202601594,Tier 4,Tier 6
Mitchell County,GA,6.0,58.49369794919825,Tier 4,Tier 5
Mitchell County,NC,8.0,41.053951272242486,Tier 3,Tier 3
Moffat County,CO,7.0,34.54500340216694,Tier 3,Tier 3
Monroe County,AL,8.0,68.82386696896567,Tier 5,Tier 6
Monroe County,AR,9.0,72.80542078894919,Tier 5,Tier 6
Monroe County,FL,4.0,21.895802659693526,Tier 2,Tier 1
Monroe County,IA,9.0,23.082514356445632,Tier 2,Tier 1
Monroe County,KY,8.0,48.73238204214898,Tier 3,Tier 4
Monroe County,MS,7.0,47.26771752299289,Tier 3,Tier 4
Monroe County,MO,9.0,48.22438036389844,Tier 3,Tier 4
Monroe County,OH,8.0,53.647316748585915,Tier 4,Tier 5
Monroe County,PA,4.0,23.80335157020922,Tier 2,Tier 1
Monroe County,TN,6.0,39.37791639675778,Tier 3,Tier 3
Monroe County,WV,8.0,42.248135434475245,Tier 3,Tier 4
Monroe County,WI,4.0,20.488503476928578,Tier 2,Tier 1
Montezuma County,CO,6.0,31.15129337377548,Tier 2,Tier 2
Montgomery County,AR,8.0,61.849986202146255,Tier 4,Tier 6
Montgomery County,GA,9.0,43.360976372897916,Tier 3,Tier 4
Montgomery County,IL,6.0,33.85897143562635,Tier 3,Tier 2
Montgomery County,IN,6.0,24.390390502315206,Tier 2,Tier 1
Montgomery County,KS,7.0,40.50724345207456,Tier 3,Tier 3
Montgomery County,KY,6.0,33.85512551002704,Tier 3,Tier 2
Montgomery County,MS,9.0,70.55355141984052,Tier 5,Tier 6
Montgomery County,MO,8.0,40.13401211646299,Tier 3,Tier 3
Montgomery County,NY,4.0,37.61895877139078,Tier 3,Tier 3
Montgomery County,NC,8.0,45.12017794634676,Tier 3,Tier 4
Montmorency County,MI,9.0,64.87501614665908,Tier 4,Tier 6
Montrose County,CO,5.0,26.313742145365772,Tier 2,Tier 2
Mora County,NM,8.0,73.264682156176,Tier 5,Tier 6
Morgan County,CO,6.0,22.28476650120131,Tier 2,Tier 1
Morgan County,IL,4.0,31.255041053625266,Tier 2,Tier 2
Morgan County,KY,9.0,58.10730629619088,Tier 4,Tier 5
Morgan County,MO,8.0,59.69450430875727,Tier 4,Tier 5
Morgan County,OH,8.0,53.8857311595542,Tier 4,Tier 5
Morrow County,OR,8.0,25.69592156805144,Tier 2,Tier 1
Moultrie County,IL,8.0,31.004321146041843,Tier 2,Tier 2
Muhlenberg County,KY,6.0,38.45594264574887,Tier 3,Tier 3
Murray County,MN,9.0,19.06907912010261,Tier 2,Tier 1
Muscatine County,IA,4.0,15.781354339481284,Tier 1,Tier 1
Muskingum County,OH,4.0,33.35333685081441,Tier 3,Tier 2
Muskogee County,OK,4.0,49.01750346509105,Tier 3,Tier 4
Nacogdoches County,TX,5.0,51.214736489151456,Tier 4,Tier 5
Natchitoches Parish,LA,6.0,59.825340223182934,Tier 4,Tier 5
Navajo County,AZ,4.0,63.83833385458513,Tier 4,Tier 6
Neosho County,KS,7.0,32.9225975350642,Tier 2,Tier 2
Neshoba County,MS,7.0,59.659364993090904,Tier 4,Tier 5
Nevada County,CA,4.0,12.905594125937686,Tier 1,Tier 1
New Madrid County,MO,9.0,58.915166569203826,Tier 4,Tier 5
Newaygo County,MI,6.0,35.74971430359134,Tier 3,Tier 3
Newberry County,SC,6.0,36.658861815217605,Tier 3,Tier 3
Newton County,AR,9.0,50.08239181486389,Tier 4,Tier 5
Newton County,MS,8.0,60.0533280390315,Tier 4,Tier 5
Nicholas County,KY,8.0,54.952749334306986,Tier 4,Tier 5
Nicholas County,WV,8.0,41.98304997163282,Tier 3,Tier 4
Noble County,IN,6.0,28.026676218184228,Tier 2,Tier 2
Noble County,OH,9.0,55.68812725126111,Tier 4,Tier 5
Nobles County,MN,7.0,25.509784438457217,Tier 2,Tier 1
Northampton County,NC,9.0,70.7008095861612,Tier 5,Tier 6
Northampton County,VA,8.0,45.58805152351801,Tier 3,Tier 4
Northumberland County,PA,4.0,37.14215135839376,Tier 3,Tier 3
Nowata County,OK,8.0,54.50973362767162,Tier 4,Tier 5
Noxubee County,MS,9.0,80.25633998243416,Tier 5,Tier 6
Nye County,NV,4.0,44.624241938505996,Tier 3,Tier 4
Obion County,TN,7.0,42.84199814757927,Tier 3,Tier 4
Oceana County,MI,8.0,39.67396445911538,Tier 3,Tier 3
Oconee County,SC,4.0,35.61748960257707,Tier 3,Tier 3
Ogemaw County,MI,9.0,53.78479323673759,Tier 4,Tier 5
Okanogan County,WA,6.0,43.57571856555428,Tier 3,Tier 4
Okeechobee County,FL,4.0,42.249182948357564,Tier 3,Tier 4
Oktibbeha County,MS,5.0,59.53453994365589,Tier 4,Tier 5
Oneida County,WI,7.0,15.409400486952062,Tier 1,Tier 1
Ontonagon County,MI,9.0,56.96221989856566,Tier 4,Tier 5
Orange County,IN,8.0,32.68892907258011,Tier 2,Tier 2
Orange County,VT,9.0,20.553057805638044,Tier 2,Tier 1
Orangeburg County,SC,4.0,59.69949322524626,Tier 4,Tier 5
Oregon County,MO,9.0,56.96248465586125,Tier 4,Tier 5
Orleans County,VT,9.0,28.240698190716873,Tier 2,Tier 2
Osceola County,MI,9.0,44.608320580543065,Tier 3,Tier 4
Oscoda County,MI,9.0,66.74774870578398,Tier 5,Tier 6
Otero County,CO,6.0,43.60329324748672,Tier 3,Tier 4
Otero County,NM,4.0,39.27542757895638,Tier 3,Tier 3
Otsego County,MI,7.0,25.350561363630035,Tier 2,Tier 1
Ottawa County,OK,6.0,46.98769189487222,Tier 3,Tier 4
Ouachita County,AR,7.0,51.83897638125534,Tier 4,Tier 5
Overton County,TN,9.0,49.888436466186754,Tier 3,Tier 5
Owen County,KY,8.0,41.934010640108234,Tier 3,Tier 4
Owsley County,KY,9.0,83.77232332617235,Tier 6,Tier 6
Oxford County,ME,6.0,34.569013075024465,Tier 3,Tier 3
Ozark County,MO,9.0,68.06775739318265,Tier 5,Tier 6
Pacific County,WA,7.0,37.587107931232836,Tier 3,Tier 3
Pamlico County,NC,9.0,40.065480230604045,Tier 3,Tier 3
Panola County,MS,6.0,61.18906714200097,Tier 4,Tier 6
Panola County,TX,6.0,38.14961027144813,Tier 3,Tier 3
Park County,MT,6.0,18.139033227215624,Tier 2,Tier 1
Park County,WY,7.0,16.304741431715993,Tier 1,Tier 1
Parke County,IN,8.0,42.469134894051045,Tier 3,Tier 4
Pasquotank County,NC,4.0,29.641582576075887,Tier 2,Tier 2
Patrick County,VA,8.0,40.42153672495179,Tier 3,Tier 3
Pawnee County,KS,9.0,29.173700248801754,Tier 2,Tier 2
Payette County,ID,6.0,21.125314027135172,Tier 2,Tier 1
Pearl River County,MS,6.0,42.80077771257814,Tier 3,Tier 4
Pecos County,TX,7.0,50.64471446933615,Tier 4,Tier 5
Pemiscot County,MO,7.0,68.65880537497539,Tier 5,Tier 6
Pend Oreille County,WA,8.0,38.252298522170925,Tier 3,Tier 3
Pendleton County,WV,8.0,41.47345659076117,Tier 3,Tier 4
Perkins County,SD,9.0,21.040799708443732,Tier 2,Tier 1
Perry County,AL,8.0,84.1953137986576,Tier 6,Tier 6
Perry County,IL,7.0,35.381662025801766,Tier 3,Tier 3
Perry County,KY,7.0,49.79425854668407,Tier 3,Tier 4
Perry County,MO,6.0,25.90724521916804,Tier 2,Tier 1
Perry County,TN,9.0,58.97719578120042,Tier 4,Tier 5
Pettis County,MO,5.0,29.498910113417953,Tier 2,Tier 2
Phelps County,MO,5.0,34.98180319630041,Tier 3,Tier 3
Phillips County,AR,7.0,81.93179655539227,Tier 5,Tier 6
Pickett County,TN,9.0,62.59406241308126,Tier 4,Tier 6
Pike County,AL,6.0,51.24077386265699,Tier 4,Tier 5
Pike County,IL,9.0,36.110818030324346,Tier 3,Tier 3
Pike County,IN,8.0,31.11600191851247,Tier 2,Tier 2
Pike County,KY,7.0,58.17369540275376,Tier 4,Tier 5
Pike County,MS,6.0,64.65648242440069,Tier 4,Tier 6
Pike County,MO,8.0,41.034326552723776,Tier 3,Tier 3
Pike County,OH,9.0,53.574062006126134,Tier 4,Tier 5
Pike County,PA,6.0,28.07478178028704,Tier 2,Tier 2
Piscataquis County,ME,8.0,45.702418853179715,Tier 3,Tier 4
Pitkin County,CO,7.0,9.762885523723785,Tier 1,Tier 1
Pittsburg County,OK,7.0,46.27313259527592,Tier 3,Tier 4
Pittsylvania County,VA,4.0,42.244377979987505,Tier 3,Tier 4
Platte County,NE,5.0,12.756709153581625,Tier 1,Tier 1
Pleasants County,WV,8.0,28.0821173647708,Tier 2,Tier 2
Pocahontas County,WV,9.0,65.30990732124589,Tier 4,Tier 6
Polk County,AR,7.0,49.86929718790901,Tier 3,Tier 4
Polk County,NC,8.0,39.43944353341002,Tier 3,Tier 3
Polk County,TX,6.0,47.90178645292455,Tier 3,Tier 4
Polk County,WI,8.0,17.263872687080063,Tier 2,Tier 1
Pondera County,MT,9.0,42.93798154027758,Tier 3,Tier 4
Pontotoc County,MS,9.0,46.58276422093396,Tier 3,Tier 4
Pontotoc County,OK,7.0,35.387447947910886,Tier 3,Tier 3
Pope County,AR,5.0,37.73544141783909,Tier 3,Tier 3
Pope County,IL,8.0,58.86395473768105,Tier 4,Tier 5
Portage County,WI,4.0,11.38065075146175,Tier 1,Tier 1
Pottawatomie County,OK,4.0,35.25736456221358,Tier 3,Tier 3
Powell County,KY,8.0,64.36559704879016,Tier 4,Tier 6
Power County,ID,8.0,22.496440919221055,Tier 2,Tier 1
Prairie County,AR,8.0,46.84584230038523,Tier 3,Tier 4
Prentiss County,MS,7.0,42.28335040177014,Tier 3,Tier 4
Presidio County,TX,9.0,91.20889612227244,Tier 6,Tier 6
Presque Isle County,MI,9.0,46.9014041495762,Tier 3,Tier 4
Price County,WI,9.0,39.05980042998593,Tier 3,Tier 3
Prince Edward County,VA,6.0,44.77797515306717,Tier 3,Tier 4
Prowers County,CO,7.0,35.39084319002677,Tier 3,Tier 3
Pulaski County,GA,8.0,55.33269742216231,Tier 4,Tier 5
Pulaski County,IL,8.0,83.52696290207136,Tier 6,Tier 6
Pulaski County,KY,5.0,38.4742625180735,Tier 3,Tier 3
Pulaski County,MO,5.0,28.023538854713493,Tier 2,Tier 2
Pushmataha County,OK,9.0,68.16104619563748,Tier 5,Tier 6
Putnam County,FL,4.0,53.65810798476907,Tier 4,Tier 5
Putnam County,GA,8.0,45.102812478026536,Tier 3,Tier 4
Putnam County,IN,6.0,16.85644123634934,Tier 2,Tier 1
Putnam County,TN,4.0,31.498407516804306,Tier 2,Tier 2
Quay County,NM,7.0,72.10601133958146,Tier 5,Tier 6
Quitman County,GA,8.0,84.11879927375425,Tier 6,Tier 6
Quitman County,MS,8.0,88.02057255860414,Tier 6,Tier 6
Rabun County,GA,9.0,41.27696583143238,Tier 3,Tier 3
Ralls County,MO,9.0,32.50756395046086,Tier 2,Tier 2
Randolph County,AL,8.0,48.208980097275536,Tier 3,Tier 4
Randolph County,AR,7.0,48.75428096311746,Tier 3,Tier 4
Randolph County,GA,8.0,77.67088570851388,Tier 5,Tier 6
Randolph County,IL,6.0,26.254703731738033,Tier 2,Tier 2
Randolph County,IN,6.0,33.87373871064096,Tier 3,Tier 2
Randolph County,MO,6.0,33.29038483745675,Tier 2,Tier 2
Randolph County,WV,7.0,41.45449364221,Tier 3,Tier 4
Ravalli County,MT,6.0,18.92853028161434,Tier 2,Tier 1
Rawlins County,KS,9.0,21.000979018251336,Tier 2,Tier 1
Real County,TX,9.0,64.57610593997659,Tier 4,Tier 6
Reno County,KS,4.0,22.76305314482923,Tier 2,Tier 1
Reynolds County,MO,9.0,54.03073352842023,Tier 4,Tier 5
Rhea County,TN,6.0,38.749740666425126,Tier 3,Tier 3
Rich County,UT,8.0,14.841896296286766,Tier 1,Tier 1
Richland County,IL,7.0,27.643406961725663,Tier 2,Tier 2
Richland County,MT,7.0,19.140692240635396,Tier 2,Tier 1
Richmond County,NC,4.0,57.95363284591144,Tier 4,Tier 5
Ringgold County,IA,9.0,20.18867811372944,Tier 2,Tier 1
Rio Arriba County,NM,6.0,53.29776149294829,Tier 4,Tier 5
Rio Grande County,CO,9.0,42.50115793474592,Tier 3,Tier 4
Ripley County,MO,9.0,62.75439469605667,Tier 4,Tier 6
Ritchie County,WV,8.0,54.77594176667546,Tier 4,Tier 5
Roane County,WV,8.0,63.371893241497965,Tier 4,Tier 6
Robertson County,KY,8.0,55.985814497930996,Tier 4,Tier 5
Robeson County,NC,4.0,68.35501353046646,Tier 5,Tier 6
Rockbridge County,VA,6.0,26.12149942142219,Tier 2,Tier 2
Rockcastle County,KY,9.0,53.881784648971774,Tier 4,Tier 5
Rolette County,ND,9.0,58.59529754841615,Tier 4,Tier 5
Roosevelt County,NM,7.0,42.67001315313478,Tier 3,Tier 4
Roscommon County,MI,7.0,48.86993434993691,Tier 3,Tier 4
Rosebud County,MT,8.0,48.950503097256224,Tier 3,Tier 4
Ross County,OH,4.0,32.30321133863343,Tier 2,Tier 2
Routt County,CO,7.0,5.537546838052054,Tier 1,Tier 1
Rowan County,KY,6.0,39.17048948886038,Tier 3,Tier 3
Rush County,IN,6.0,29.35956260419933,Tier 2,Tier 2
Rusk County,WI,8.0,32.49959806373343,Tier 2,Tier 2
Russell County,KY,9.0,51.09817150181946,Tier 4,Tier 5
Russell County,VA,8.0,54.89076430033856,Tier 4,Tier 5
Rutherford County,NC,4.0,45.12312168401558,Tier 3,Tier 4
Rutland County,VT,7.0,26.977201986283273,Tier 2,Tier 2
Sabine Parish,LA,8.0,63.577992174641274,Tier 4,Tier 6
Saguache County,CO,9.0,46.23808970259879,Tier 3,Tier 4
Saline County,IL,7.0,42.98002704095506,Tier 3,Tier 4
Saline County,KS,5.0,22.42360702428635,Tier 2,Tier 1
Saline County,MO,7.0,30.44169767795479,Tier 2,Tier 2
Sampson County,NC,6.0,46.9589379789016,Tier 3,Tier 4
San Augustine County,TX,9.0,80.7530760486198,Tier 5,Tier 6
San Juan County,UT,9.0,61.10409821411152,Tier 4,Tier 6
San Miguel County,CO,9.0,29.19389634627941,Tier 2,Tier 2
San Miguel County,NM,6.0,58.675523690376494,Tier 4,Tier 5
Sanborn County,SD,9.0,29.29699547553286,Tier 2,Tier 2
Sandusky County,OH,4.0,26.500054060836693,Tier 2,Tier 2
Santa Cruz County,AZ,6.0,51.13666315723445,Tier 4,Tier 5
Sawyer County,WI,9.0,36.751876092264304,Tier 3,Tier 3
Schley County,GA,8.0,44.49051763762785,Tier 3,Tier 4
Schuylkill County,PA,4.0,32.10414185523855,Tier 2,Tier 2
Scioto County,OH,4.0,47.17344762935547,Tier 3,Tier 4
Scotland County,MO,9.0,37.95369085376935,Tier 3,Tier 3
Scotland County,NC,6.0,66.58275280832744,Tier 4,Tier 6
Scott County,AR,8.0,53.21701051056434,Tier 4,Tier 5
Scott County,IN,6.0,37.03418431050088,Tier 3,Tier 3
Scott County,MO,4.0,32.292478890015495,Tier 2,Tier 2
Scott County,TN,8.0,60.97560530272831,Tier 4,Tier 6
Scotts Bluff County,NE,5.0,26.72380168659171,Tier 2,Tier 2
Screven County,GA,8.0,45.84538641000645,Tier 3,Tier 4
Searcy County,AR,9.0,67.04061237052049,Tier 5,Tier 6
Seminole County,GA,8.0,64.83897612149505,Tier 4,Tier 6
Seminole County,OK,7.0,62.988822905556404,Tier 4,Tier 6
Seneca County,NY,6.0,32.687925092858734,Tier 2,Tier 2
Seneca County,OH,4.0,25.366200121164606,Tier 2,Tier 1
Sevier County,AR,6.0,52.286990936894696,Tier 4,Tier 5
Sevier County,TN,4.0,30.267791354501128,Tier 2,Tier 2
Sevier County,UT,7.0,20.302055514152542,Tier 2,Tier 1
Seward County,KS,7.0,31.799374298799986,Tier 2,Tier 2
Shackelford County,TX,8.0,35.59184250816759,Tier 3,Tier 3
Shannon County,MO,9.0,52.51836701598208,Tier 4,Tier 5
Sharkey County,MS,8.0,85.66477156366487,Tier 6,Tier 6
Sharp County,AR,9.0,56.52899044125361,Tier 4,Tier 5
Shelby County,TX,7.0,59.79468717292635,Tier 4,Tier 5
Sheridan County,KS,9.0,13.711869111592895,Tier 1,Tier 1
Sheridan County,ND,8.0,18.654759441375607,Tier 2,Tier 1
Sheridan County,WY,7.0,21.305682062464147,Tier 2,Tier 1
Shiawassee County,MI,4.0,26.126114354957025,Tier 2,Tier 2
Shoshone County,ID,8.0,40.01009896083139,Tier 3,Tier 3
Sierra County,CA,8.0,41.071973654451334,Tier 3,Tier 3
Sierra County,NM,6.0,63.572081632446384,Tier 4,Tier 6
Silver Bow County,MT,5.0,27.837196091439363,Tier 2,Tier 2
Sioux County,IA,6.0,0.0,Tier 1,Tier 1
Siskiyou County,CA,7.0,38.63616926049339,Tier 3,Tier 3
Smith County,MS,8.0,67.93826919776971,Tier 5,Tier 6
Smyth County,VA,7.0,44.09197291880002,Tier 3,Tier 4
Socorro County,NM,6.0,74.90717370003368,Tier 5,Tier 6
Somerset County,ME,6.0,40.0573358897428,Tier 3,Tier 3
Southampton County,VA,6.0,24.44666653030483,Tier 2,Tier 1
St. Clair County,MO,8.0,50.04734295032489,Tier 4,Tier 5
St. Francis County,AR,6.0,70.35750072277564,Tier 5,Tier 6
St. Francois County,MO,4.0,35.659940418743794,Tier 3,Tier 3
St. Joseph County,MI,4.0,30.90618106648208,Tier 2,Tier 2
St. Landry Parish,LA,4.0,59.098475698141684,Tier 4,Tier 5
St. Lawrence County,NY,4.0,35.25514649576754,Tier 3,Tier 3
St. Mary Parish,LA,4.0,51.244077908334674,Tier 4,Tier 5
Stafford County,KS,9.0,31.97881999670037,Tier 2,Tier 2
Stanley County,SD,9.0,7.118607563663437,Tier 1,Tier 1
Stanly County,NC,6.0,31.854969221856884,Tier 2,Tier 2
Stanton County,NE,9.0,13.005741932931459,Tier 1,Tier 1
Starke County,IN,8.0,37.86040592640884,Tier 3,Tier 3
Starr County,TX,4.0,89.91052605634326,Tier 6,Tier 6
Stephens County,GA,7.0,40.46620247208218,Tier 3,Tier 3
Stephens County,OK,4.0,39.3335025588806,Tier 3,Tier 3
Stephens County,TX,7.0,49.27065042572396,Tier 3,Tier 4
Steuben County,IN,7.0,21.028402675143862,Tier 2,Tier 1
Steuben County,NY,4.0,27.81408816157998,Tier 2,Tier 2
Stoddard County,MO,6.0,40.83542061981745,Tier 3,Tier 3
Stone County,AR,9.0,69.4691249758784,Tier 5,Tier 6
Stone County,MO,6.0,34.73696369509782,Tier 3,Tier 3
Sullivan County,MO,9.0,48.99371801214189,Tier 3,Tier 4
Sullivan County,NH,7.0,22.787928003272246,Tier 2,Tier 1
Sullivan County,NY,6.0,31.571767389689658,Tier 2,Tier 2
Sullivan County,PA,8.0,46.97452318060263,Tier 3,Tier 4
Sully County,SD,9.0,14.492801038815944,Tier 1,Tier 1
Summers County,WV,8.0,58.04063121082363,Tier 4,Tier 5
Summit County,CO,5.0,0.7443939529345744,Tier 1,Tier 1
Sumter County,AL,8.0,68.99645022951853,Tier 5,Tier 6
Sumter County,GA,6.0,58.737348066817276,Tier 4,Tier 5
Sunflower County,MS,7.0,73.58581475347076,Tier 5,Tier 6
Surry County,NC,6.0,38.580855357718576,Tier 3,Tier 3
Susquehanna County,PA,8.0,29.500625311249816,Tier 2,Tier 2
Sussex County,DE,4.0,22.392109447485357,Tier 2,Tier 1
Suwannee County,FL,6.0,42.78277231892893,Tier 3,Tier 4
Swain County,NC,9.0,54.27884745509635,Tier 4,Tier 5
Sweetwater County,WY,5.0,18.85843005192441,Tier 2,Tier 1
Talbot County,MD,6.0,22.395756591056788,Tier 2,Tier 1
Taliaferro County,GA,8.0,62.14828996338526,Tier 4,Tier 6
Talladega County,AL,4.0,42.443196928049915,Tier 3,Tier 4
Taney County,MO,4.0,34.5374381636978,Tier 3,Tier 3
Taos County,NM,7.0,41.48362022348571,Tier 3,Tier 4
Tattnall County,GA,8.0,50.57363313592328,Tier 4,Tier 5
Taylor County,FL,6.0,47.303944634936904,Tier 3,Tier 4
Taylor County,GA,8.0,81.13753942129807,Tier 5,Tier 6
Taylor County,KY,7.0,30.062080200749534,Tier 2,Tier 2
Taylor County,WV,6.0,38.87029019099648,Tier 3,Tier 3
Taylor County,WI,8.0,27.239276680671697,Tier 2,Tier 2
Tazewell County,VA,7.0,45.72016081243417,Tier 3,Tier 4
Tehama County,CA,4.0,34.64508723466707,Tier 3,Tier 3
Telfair County,GA,9.0,74.71862217766277,Tier 5,Tier 6
Tensas Parish,LA,9.0,91.05670263636458,Tier 6,Tier 6
Teton County,MT,8.0,29.03282181935739,Tier 2,Tier 2
Texas County,MO,9.0,51.49142710326649,Tier 4,Tier 5
Texas County,OK,7.0,43.992327236362726,Tier 3,Tier 4
Thomas County,GA,4.0,34.77077482776919,Tier 3,Tier 3
Tift County,GA,5.0,46.853690631624936,Tier 3,Tier 4
Tillamook County,OR,7.0,28.502578503353476,Tier 2,Tier 2
Tillman County,OK,8.0,66.39531055817865,Tier 4,Tier 6
Tioga County,PA,8.0,34.67961423996837,Tier 3,Tier 3
Tippah County,MS,8.0,53.1035595570155,Tier 4,Tier 5
Tishomingo County,MS,8.0,56.93962259825249,Tier 4,Tier 5
Titus County,TX,7.0,46.340610922268546,Tier 3,Tier 4
Todd County,KY,8.0,52.02627227922879,Tier 4,Tier 5
Todd County,SD,9.0,100.0,,Tier 6
Toole County,MT,9.0,29.5482615949204,Tier 2,Tier 2
Toombs County,GA,7.0,51.49521307573585,Tier 4,Tier 5
Transylvania County,NC,6.0,28.37496505083855,Tier 2,Tier 2
Trempealeau County,WI,8.0,19.50920489425961,Tier 2,Tier 1
Treutlen County,GA,9.0,71.00994697823634,Tier 5,Tier 6
Trinity County,CA,8.0,48.433188698219155,Tier 3,Tier 4
Trinity County,TX,8.0,61.24278646698051,Tier 4,Tier 6
Tucker County,WV,9.0,44.003462537340624,Tier 3,Tier 4
Turner County,GA,9.0,69.58182430729619,Tier 5,Tier 6
Tuscarawas County,OH,4.0,32.00601466466121,Tier 2,Tier 2
Tuscola County,MI,6.0,35.7488322124369,Tier 3,Tier 3
Uinta County,WY,7.0,15.941438041655386,Tier 1,Tier 1
Uintah County,UT,7.0,25.53766686682284,Tier 2,Tier 1
Umatilla County,OR,4.0,26.008065450497142,Tier 2,Tier 1
Union County,AR,7.0,48.49170979774631,Tier 3,Tier 4
Union County,FL,8.0,32.45863375436278,Tier 2,Tier 2
Union County,GA,8.0,28.830758083254892,Tier 2,Tier 2
Union County,IL,6.0,51.09997359670009,Tier 4,Tier 5
Union County,IN,8.0,19.273622844418554,Tier 2,Tier 1
Union County,KY,8.0,38.36292737606462,Tier 3,Tier 3
Union County,MS,7.0,43.89630222514306,Tier 3,Tier 4
Upshur County,WV,7.0,46.93198913526555,Tier 3,Tier 4
Upson County,GA,6.0,52.327625687213974,Tier 4,Tier 5
Uvalde County,TX,6.0,46.34585481520849,Tier 3,Tier 4
Val Verde County,TX,5.0,48.06373233390902,Tier 3,Tier 4
Van Buren County,AR,8.0,59.628791679256985,Tier 4,Tier 5
Van Buren County,MI,6.0,31.047610841106195,Tier 2,Tier 2
Van Buren County,TN,9.0,54.127807640089266,Tier 4,Tier 5
Van Wert County,OH,6.0,20.42841941220574,Tier 2,Tier 1
Vance County,NC,6.0,55.36600157089788,Tier 4,Tier 5
Venango County,PA,4.0,31.9915386795808,Tier 2,Tier 2
Vermilion County,IL,4.0,37.59131289161975,Tier 3,Tier 3
Vernon County,MO,6.0,41.33278258436198,Tier 3,Tier 3
Vernon Parish,LA,4.0,40.204447438666996,Tier 3,Tier 3
Vinton County,OH,8.0,52.393495351091566,Tier 4,Tier 5
Wabash County,IL,7.0,36.40145693499136,Tier 3,Tier 3
Wabash County,IN,6.0,21.16973022244316,Tier 2,Tier 1
Wahkiakum County,WA,8.0,45.47264172351972,Tier 3,Tier 4
Waldo County,ME,8.0,28.885520649575426,Tier 2,Tier 2
Walker County,TX,4.0,48.95096694610091,Tier 3,Tier 4
Wallowa County,OR,9.0,31.012965183471387,Tier 2,Tier 2
Walsh County,ND,8.0,21.943544325809636,Tier 2,Tier 1
Walthall County,MS,9.0,69.85156064947329,Tier 5,Tier 6
Walworth County,WI,4.0,13.676321463291451,Tier 1,Tier 1
Wapello County,IA,5.0,31.574256350330206,Tier 2,Tier 2
Ware County,GA,5.0,56.71302051629612,Tier 4,Tier 5
Warren County,GA,8.0,60.7883583749467,Tier 4,Tier 6
Warren County,IL,6.0,25.362170133217525,Tier 2,Tier 1
Warren County,MS,4.0,44.087847702878626,Tier 3,Tier 4
Warren County,NC,8.0,76.23105662366751,Tier 5,Tier 6
Warren County,TN,6.0,43.9162021487666,Tier 3,Tier 4
Wasco County,OR,7.0,26.57076743140381,Tier 2,Tier 2
Washburn County,WI,8.0,31.10898719588844,Tier 2,Tier 2
Washington County,AL,8.0,54.02252906211571,Tier 4,Tier 5
Washington County,GA,7.0,52.87069668008601,Tier 4,Tier 5
Washington County,KY,8.0,35.326093757691034,Tier 3,Tier 3
Washington County,ME,9.0,49.06281169717671,Tier 3,Tier 4
Washington County,MS,5.0,87.12543378232101,Tier 6,Tier 6
Washington County,MO,8.0,53.888554671648315,Tier 4,Tier 5
Washington County,NC,9.0,79.29072429960218,Tier 5,Tier 6
Washington County,OH,4.0,28.294225480330148,Tier 2,Tier 2
Washington County,OK,4.0,35.25967253558431,Tier 3,Tier 3
Washington County,VT,4.0,11.869261979990009,Tier 1,Tier 1
Washington Parish,LA,6.0,65.31339491897069,Tier 4,Tier 6
Washita County,OK,9.0,38.64190804726431,Tier 3,Tier 3
Watauga County,NC,5.0,42.76004609645076,Tier 3,Tier 4
Waupaca County,WI,6.0,18.62208134525634,Tier 2,Tier 1
Waushara County,WI,8.0,28.9290141670373,Tier 2,Tier 2
Wayne County,GA,6.0,48.41039202491973,Tier 3,Tier 4
Wayne County,IL,9.0,38.27465272173433,Tier 3,Tier 3
Wayne County,IN,5.0,33.76454621948045,Tier 3,Tier 2
Wayne County,IA,9.0,35.630599186492574,Tier 3,Tier 3
Wayne County,KY,7.0,54.45108675932164,Tier 4,Tier 5
Wayne County,MS,9.0,65.18557153219014,Tier 4,Tier 6
Wayne County,MO,9.0,60.24654087877295,Tier 4,Tier 6
Wayne County,NE,7.0,23.10046949388299,Tier 2,Tier 1
Wayne County,PA,6.0,33.586350840000854,Tier 3,Tier 2
Wayne County,TN,8.0,48.34193624580661,Tier 3,Tier 4
Wayne County,UT,9.0,23.957787339827576,Tier 2,Tier 1
Webster County,IA,5.0,21.813395431147516,Tier 2,Tier 1
Webster County,KY,9.0,42.23667695652954,Tier 3,Tier 4
Webster County,WV,9.0,67.08080155635193,Tier 5,Tier 6
Webster Parish,LA,6.0,70.97767398628243,Tier 5,Tier 6
Westmoreland County,VA,8.0,42.83951346650628,Tier 3,Tier 4
Wetzel County,WV,7.0,48.99337604491002,Tier 3,Tier 4
Wexford County,MI,6.0,30.79394868056963,Tier 2,Tier 2
Wharton County,TX,4.0,41.073559718902445,Tier 3,Tier 3
Wheeler County,GA,9.0,67.8021163584623,Tier 5,Tier 6
Wheeler County,OR,9.0,32.017564919076,Tier 2,Tier 2
White County,AR,4.0,36.498785404937415,Tier 3,Tier 3
White County,GA,8.0,31.171831969406867,Tier 2,Tier 2
White County,IL,6.0,40.208536452505925,Tier 3,Tier 3
White County,IN,6.0,21.448054638177506,Tier 2,Tier 1
White County,TN,7.0,37.35700079621623,Tier 3,Tier 3
Whiteside County,IL,4.0,22.99818413298227,Tier 2,Tier 1
Whitley County,KY,7.0,50.78286470026065,Tier 4,Tier 5
Wilbarger County,TX,6.0,60.02414312460409,Tier 4,Tier 5
Wilcox County,AL,9.0,87.85136652137444,Tier 6,Tier 6
Wilcox County,GA,9.0,61.300362429660595,Tier 4,Tier 6
Wilkes County,NC,6.0,39.029657777301516,Tier 3,Tier 3
Wilkinson County,GA,8.0,56.4394648527606,Tier 4,Tier 5
Wilkinson County,MS,8.0,82.56442423757623,Tier 5,Tier 6
Willacy County,TX,6.0,71.9829524376799,Tier 5,Tier 6
Williams County,ND,5.0,9.823245193438462,Tier 1,Tier 1
Williams County,OH,7.0,24.129766953126687,Tier 2,Tier 1
Williamsburg County,SC,6.0,70.37268741288028,Tier 5,Tier 6
Williamson County,IL,5.0,26.78430562497931,Tier 2,Tier 2
Wilson County,NC,4.0,50.683809348263786,Tier 4,Tier 5
Windham County,VT,7.0,31.82406769309612,Tier 2,Tier 2
Windsor County,VT,7.0,18.253485087408507,Tier 2,Tier 1
Winn Parish,LA,8.0,55.52697934195976,Tier 4,Tier 5
Winston County,AL,8.0,51.250695845900154,Tier 4,Tier 5
Winston County,MS,9.0,68.96625056302834,Tier 5,Tier 6
Wise County,VA,7.0,49.666723080939846,Tier 3,Tier 4
Wolfe County,KY,9.0,85.2718845785889,Tier 6,Tier 6
Wood County,WI,4.0,16.205733923396586,Tier 1,Tier 1
Woodruff County,AR,9.0,68.02736694875968,Tier 5,Tier 6
Worcester County,MD,4.0,22.66227550942319,Tier 2,Tier 1
Wright County,IA,9.0,28.16531651355554,Tier 2,Tier 2
Wright County,MO,8.0,53.550671266825574,Tier 4,Tier 5
Wyoming County,NY,8.0,23.983622810610587,Tier 2,Tier 1
Wyoming County,WV,8.0,64.90729428631413,Tier 4,Tier 6
Yalobusha County,MS,9.0,66.77535439779507,Tier 5,Tier 6
Yancey County,NC,8.0,42.92591724012352,Tier 3,Tier 4
Yankton County,SD,7.0,11.414849866473443,Tier 1,Tier 1
Yates County,NY,6.0,34.8300946548397,Tier 3,Tier 3
Zapata County,TX,6.0,89.67329627325985,Tier 6,Tier 6
Zavala County,TX,7.0,74.21174714310209,Tier 5,Tier 6
